{"VALS":[4523.25867498268,2705.08807061286,2661.11626936598,2640.15606423429,2565.24023460622,2158.16704227416,1597.11420500162,1273.92813692365,983.611671128639,637.324364867893,461.812423638015,-560.23292395567,-723.989407989897,-772.793731080672,-1025.43188542045],"LABEL":["A","B","C","D","E","F","G","H","I","J","K","L","M","N","O"],"POS":[4523.25867498268,2705.08807061286,2661.11626936598,2640.15606423429,2565.24023460622,2158.16704227416,1597.11420500162,1273.92813692365,983.611671128639,637.324364867893,461.812423638015,"NA","NA","NA","NA"],"NEG":["NA","NA","NA","NA","NA","NA","NA","NA","NA","NA","NA",-560.23292395567,-723.989407989897,-772.793731080672,-1025.43188542045]}
